awb,airline_prefix,serial,check_digit
20776612012,207,7661201,2
20367124504,203,6712450,4
20340174046,203,4017404,6
48390340403,483,9034040,3
73478925595,734,7892559,5
79955217440,799,5521744,0
31770576420,317,7057642,0
94778872633,947,7887263,3
80809078882,808,0907888,2
36506279280,365,0627928,0
36065977393,360,6597739,3
69815184674,698,1518467,4
32370193686,323,7019368,6
59595716943,595,9571694,3
52770457662,527,7045766,2
66377396255,663,7739625,5
36913419375,369,1341937,5
96385231414,963,8523141,4
17320418410,173,2041841,0
82068373936,820,6837393,6
35735280536,357,3528053,6
79730291440,797,3029144,0
69783163621,697,8316362,1
14856091300,148,5609130,0
88579266761,885,7926676,1
29292150394,292,9215039,4
42006199641,420,0619964,1
19321124251,193,2112425,1
21643479083,216,4347908,3
72396465292,723,9646529,2
31906326550,319,0632655,0
82995737835,829,9573783,5
99797606093,997,9760609,3
78321972692,783,2197269,2
32875279855,328,7527985,5
32798631596,327,9863159,6
80251121426,802,5112142,6
39045312861,390,4531286,1
70674565806,706,7456580,6
43707895224,437,0789522,4
84557087454,845,5708745,4
86019864990,860,1986499,0
43447314265,434,4731426,5
93143057162,931,4305716,2
50819075885,508,1907588,5
71719252704,717,1925270,4
42369272511,423,6927251,1
37400626691,374,0062669,1
15290306201,152,9030620,1
28252768824,282,5276882,4
40900490371,409,0049037,1
48312018401,483,1201840,1
99378085203,993,7808520,3
79696859735,796,9685973,5
40519833280,405,1983328,0
81601708086,816,0170808,6
35061549332,350,6154933,2
24497337000,244,9733700,0
28247348086,282,4734808,6
74985403350,749,8540335,0
82664893040,826,6489304,0
98915411781,989,1541178,1
40872700041,408,7270004,1
24014897914,240,1489791,4
10423112434,104,2311243,4
82204786095,822,0478609,5
91420106522,914,2010652,2
66755181035,667,5518103,5
18622132085,186,2213208,5
59738969601,597,3896960,1
38418944645,384,1894464,5
64802118531,648,0211853,1
73270600030,732,7060003,0
38226590396,382,2659039,6
42096646130,420,9664613,0
95156501402,951,5650140,2
91426628756,914,2662875,6
90218863911,902,1886391,1
98160780203,981,6078020,3
28596802391,285,9680239,1
11080805781,110,8080578,1
63301631486,633,0163148,6
16610229255,166,1022925,5
94987715962,949,8771596,2
26229642612,262,2964261,2
86162186553,861,6218655,3
59894775982,598,9477598,2
58186078746,581,8607874,6
64818083256,648,1808325,6
63482388890,634,8238889,0
68102415173,681,0241517,3
81260557092,812,6055709,2
32276804095,322,7680409,5
78098151230,780,9815123,0
62622681775,626,2268177,5
47305898802,473,0589880,2
60869945954,608,6994595,4
34700942353,347,0094235,3
16338200692,163,3820069,2
77567785090,775,6778509,0
46579489892,465,7948989,2
45618061024,456,1806102,4
37011149053,370,1114905,3
33957282283,339,5728228,3
41541782972,415,4178297,2
95640635751,956,4063575,1
51540444692,515,4044469,2
28747468131,287,4746813,1
52156205520,521,5620552,0
18277484790,182,7748479,0
90069387406,900,6938740,6
37626423313,376,2642331,3
55907207456,559,0720745,6
23834319764,238,3431976,4
38571187750,385,7118775,0
65787576512,657,8757651,2
48699629463,486,9962946,3
57040407770,570,4040777,0
65613061724,656,1306172,4
57484430950,574,8443095,0
78171613836,781,7161383,6
33270186906,332,7018690,6
70259537493,702,5953749,3
98564927410,985,6492741,0
81263251125,812,6325112,5
76214677441,762,1467744,1
22412125743,224,1212574,3
88131574372,881,3157437,2
92013765175,920,1376517,5
74647830745,746,4783074,5
41787866195,417,8786619,5
66927764395,669,2776439,5
60741994712,607,4199471,2
76205397736,762,0539773,6
55119094524,551,1909452,4
76935027524,769,3502752,4
88777469023,887,7746902,3
46772214751,467,7221475,1
89221618370,892,2161837,0
88564845003,885,6484500,3
81810091742,818,1009174,2
64008196643,640,0819664,3
41990413361,419,9041336,1
96889140251,968,8914025,1
13979196866,139,7919686,6
91233096834,912,3309683,4
61280164800,612,8016480,0
15631389603,156,3138960,3
59679196933,596,7919693,3
69393292522,693,9329252,2
21069640433,210,6964043,3
17440017271,174,4001727,1
27148754521,271,4875452,1
25999854053,259,9985405,3
47612263421,476,1226342,1
73053210663,730,5321066,3
88360607604,883,6060760,4
88024807344,880,2480734,4
91612289780,916,1228978,0
52485660455,524,8566045,5
10366248976,103,6624897,6
51606454834,516,0645483,4
97948666955,979,4866695,5
85280446371,852,8044637,1
40811923302,408,1192330,2
75035602183,750,3560218,3
86937575956,869,3757595,6
62011225162,620,1122516,2
97264112903,972,6411290,3
45777395292,457,7739529,2
15613562052,156,1356205,2
78281263752,782,8126375,2
79653594403,796,5359440,3
16738392704,167,3839270,4
56028334084,560,2833408,4
71517814885,715,1781488,5
36981768132,369,8176813,2
89231892536,892,3189253,6
45866609411,458,6660941,1
36526846840,365,2684684,0
69825625540,698,2562554,0
59271175221,592,7117522,1
92728543385,927,2854338,5
20659887925,206,5988792,5
96383977172,963,8397717,2
47410219382,474,1021938,2
69011716105,690,1171610,5
75697114186,756,9711418,6
44785314221,447,8531422,1
67514493051,675,1449305,1
96249585231,962,4958523,1
35381722101,353,8172210,1
85610095495,856,1009549,5
77812221421,778,1222142,1
36620224403,366,2022440,3
29373961414,293,7396141,4
90131968856,901,3196885,6
15525184121,155,2518412,1
95674748533,956,7474853,3
62096733200,620,9673320,0
76712109560,767,1210956,0
17633403136,176,3340313,6
86387496111,863,8749611,1
50242888312,502,4288831,2
28002097504,280,0209750,4
36949498036,369,4949803,6
55731870585,557,3187058,5
92672645603,926,7264560,3
38204406673,382,0440667,3
21590715313,215,9071531,3
11562144500,115,6214450,0
91643563006,916,4356300,6
29140675352,291,4067535,2
87536716290,875,3671629,0
31973826801,319,7382680,1
67080454413,670,8045441,3
26766664112,267,6666411,2
68594634814,685,9463481,4
79333038543,793,3303854,3
62286990345,622,8699034,5
42472584362,424,7258436,2
79368026710,793,6802671,0
68194782174,681,9478217,4
40641008332,406,4100833,2
93334248625,933,3424862,5
14906442624,149,0644262,4
18558885200,185,5888520,0
60087574696,600,8757469,6
18799877054,187,9987705,4
77152782704,771,5278270,4
69696577716,696,9657771,6
58284254456,582,8425445,6
60343344254,603,4334425,4
65223606975,652,2360697,5
57863689313,578,6368931,3
86909938032,869,0993803,2
36414928006,364,1492800,6
10411436174,104,1143617,4
51195315495,511,9531549,5
10438836922,104,3883692,2
33831202192,338,3120219,2
84327209241,843,2720924,1
81553801013,815,5380101,3
67061757931,670,6175793,1
42423073542,424,2307354,2
29964236862,299,6423686,2
13419923712,134,1992371,2
22092913516,220,9291351,6
26417738793,264,1773879,3
36991696892,369,9169689,2
66389934681,663,8993468,1
10510340745,105,1034074,5
61474428430,614,7442843,0
59388969676,593,8896967,6
44598354286,445,9835428,6
90336422090,903,3642209,0
59794027034,597,9402703,4
17702054126,177,0205412,6
71751565121,717,5156512,1
89423515742,894,2351574,2
54892355585,548,9235558,5
23868504392,238,6850439,2
38708703490,387,0870349,0
54404354984,544,0435498,4
40200753585,402,0075358,5
82211966381,822,1196638,1
63884019571,638,8401957,1
45335544395,453,3554439,5
49826123702,498,2612370,2
92264706465,922,6470646,5
87696577165,876,9657716,5
67936354934,679,3635493,4
42075717370,420,7571737,0
39768330244,397,6833024,4
42153288705,421,5328870,5
42050361191,420,5036119,1
43308283730,433,0828373,0
20493317153,204,9331715,3
55967182256,559,6718225,6
29756514691,297,5651469,1
34201952334,342,0195233,4
87277545070,872,7754507,0
77215049253,772,1504925,3
41199132931,411,9913293,1
16518698295,165,1869829,5
59783317720,597,8331772,0
55531983774,555,3198377,4
95803879276,958,0387927,6
89625015781,896,2501578,1
99700585814,997,0058581,4
88290535352,882,9053535,2
38650284744,386,5028474,4
53858065615,538,5806561,5
91797300603,917,9730060,3
51772867150,517,7286715,0
46565578763,465,6557876,3
63008960082,630,0896008,2
16113843973,161,1384397,3
50884350400,508,8435040,0
96501603474,965,0160347,4
54749776844,547,4977684,4
73292546011,732,9254601,1
99948567356,999,4856735,6
17876301133,178,7630113,3
91043089996,910,4308999,6
52973285031,529,7328503,1
77119051743,771,1905174,3
12337814163,123,3781416,3
70766857805,707,6685780,5
54784404764,547,8440476,4
95902121371,959,0212137,1
89222401333,892,2240133,3
69121185986,691,2118598,6
36234489614,362,3448961,4
28076091981,280,7609198,1
63981937794,639,8193779,4
64706582651,647,0658265,1
91182466201,911,8246620,1
12930438944,129,3043894,4
19635835180,196,3583518,0
61843021414,618,4302141,4
28522704894,285,2270489,4
12303921672,123,0392167,2
19632191180,196,3219118,0
90956379380,909,5637938,0
57456625066,574,5662506,6
16592578891,165,9257889,1
79384315002,793,8431500,2
73164339705,731,6433970,5
98956503166,989,5650316,6
61582435045,615,8243504,5
99543784870,995,4378487,0
70677644930,706,7764493,0
78426542335,784,2654233,5
32942321891,329,4232189,1
79307364294,793,0736429,4
44613835861,446,1383586,1
44790629993,447,9062999,3
55574654741,555,7465474,1
24733016426,247,3301642,6
52415767425,524,1576742,5
97575649886,975,7564988,6
73512014651,735,1201465,1
29026022603,290,2602260,3
33236894094,332,3689409,4
12247370605,122,4737060,5
19046791563,190,4679156,3
33886543700,338,8654370,0
31389040276,313,8904027,6
63676335786,636,7633578,6
34444752606,344,4475260,6
40792629686,407,9262968,6
46465163312,464,6516331,2
38604208875,386,0420887,5
25603049770,256,0304977,0
11802904906,118,0290490,6
14153708043,141,5370804,3
87629294904,876,2929490,4
85880903033,858,8090303,3
81212393421,812,1239342,1
53861177614,538,6117761,4
89164045575,891,6404557,5
50031031502,500,3103150,2
49078530641,490,7853064,1
30869474551,308,6947455,1
54221174164,542,2117416,4
45173180496,451,7318049,6
13794248322,137,9424832,2
39681948652,396,8194865,2
79118118271,791,1811827,1
64557397113,645,5739711,3
14870304781,148,7030478,1
89583677743,895,8367774,3
85984121832,859,8412183,2
38785098224,387,8509822,4
62707673802,627,0767380,2
43048200726,430,4820072,6
31937805514,319,3780551,4
94323138582,943,2313858,2
61566268670,615,6626867,0
93058899965,930,5889996,5
34897128742,348,9712874,2
82175997066,821,7599706,6
91044749704,910,4474970,4
68554742130,685,5474213,0
89196201774,891,9620177,4
49050363055,490,5036305,5
69357847516,693,5784751,6
69130411970,691,3041197,0
49683347402,496,8334740,2
81719097091,817,1909709,1
49324252991,493,2425299,1
27414730304,274,1473030,4
96862476080,968,6247608,0
10326209900,103,2620990,0
81056071810,810,5607181,0
20180773685,201,8077368,5
89742928731,897,4292873,1
86735527116,867,3552711,6
50452888006,504,5288800,6
46083063982,460,8306398,2
44464703824,444,6470382,4
26260581140,262,6058114,0
39387716072,393,8771607,2
36351300652,363,5130065,2
34887858795,348,8785879,5
14050953403,140,5095340,3
96360961574,963,6096157,4
85804823434,858,0482343,4
27505913423,275,0591342,3
30867717592,308,6771759,2
76277840485,762,7784048,5
94398968416,943,9896841,6
36674065713,366,7406571,3
85294430934,852,9443093,4
74621801895,746,2180189,5
83645507126,836,4550712,6
13687776915,136,8777691,5
23738256742,237,3825674,2
48515596544,485,1559654,4
98031053933,980,3105393,3
19920306942,199,2030694,2
77994639245,779,9463924,5
73104335141,731,0433514,1
22308437824,223,0843782,4
51360734043,513,6073404,3
43339791243,433,3979124,3
39054822071,390,5482207,1
83756341245,837,5634124,5
16049721153,160,4972115,3
41470582795,414,7058279,5
23118488234,231,1848823,4
34767102934,347,6710293,4
10552828973,105,5282897,3
72215098543,722,1509854,3
30354209261,303,5420926,1
76571851252,765,7185125,2
91750853500,917,5085350,0
40006062085,400,0606208,5
75655272215,756,5527221,5
60182247051,601,8224705,1
78382410321,783,8241032,1
84214256500,842,1425650,0
11862542833,118,6254283,3
56680278214,566,8027821,4
86301867224,863,0186722,4
49635190370,496,3519037,0
76824175993,768,2417599,3
98079088105,980,7908810,5
94074969610,940,7496961,0
78420281213,784,2028121,3
71922009641,719,2200964,1
86113965355,861,1396535,5
75143349970,751,4334997,0
16330800482,163,3080048,2
99774167083,997,7416708,3
26404873762,264,0487376,2
47792151731,477,9215173,1
11353618725,113,5361872,5
52994126103,529,9412610,3
44313228582,443,1322858,2
52049863123,520,4986312,3
11515183413,115,1518341,3
55513200910,555,1320091,0
96434150102,964,3415010,2
17823668424,178,2366842,4
66540279665,665,4027966,5
45210977656,452,1097765,6
72452470795,724,5247079,5
39533569725,395,3356972,5
56856466251,568,5646625,1
56185653505,561,8565350,5
43472034255,434,7203425,5
74324630745,743,2463074,5
50879075644,508,7907564,4
99861702782,998,6170278,2
39983263011,399,8326301,1
55077819883,550,7781988,3
55172930512,551,7293051,2
30805184536,308,0518453,6
18914521550,189,1452155,0
72858981154,728,5898115,4
13895987171,138,9598717,1
43466844486,434,6684448,6
80768334416,807,6833441,6
98289668584,982,8966858,4
89545261514,895,4526151,4
91840672644,918,4067264,4
20258333994,202,5833399,4
44151134115,441,5113411,5
63418824933,634,1882493,3
91861871772,918,6187177,2
87969765240,879,6976524,0
42167150453,421,6715045,3
45150188234,451,5018823,4
72880424192,728,8042419,2
82654229525,826,5422952,5
49426750723,494,2675072,3
45546433330,455,4643333,0
20322193930,203,2219393,0
63983169720,639,8316972,0
24976654856,249,7665485,6
95593190232,955,9319023,2
65307365825,653,0736582,5
29951335930,299,5133593,0
58152574863,581,5257486,3
27266926152,272,6692615,2
31219100161,312,1910016,1
76488111925,764,8811192,5
43699609220,436,9960922,0
39136810542,391,3681054,2
40159831175,401,5983117,5
30023634093,300,2363409,3
66372353524,663,7235352,4
58623476850,586,2347685,0
13133490805,131,3349080,5
33548238206,335,4823820,6
61031155005,610,3115500,5
29496313606,294,9631360,6
32509283584,325,0928358,4
66022711944,660,2271194,4
65794583770,657,9458377,0
68687569905,686,8756990,5
61812136045,618,1213604,5
65182815460,651,8281546,0
75474657125,754,7465712,5
75473962874,754,7396287,4
21522215704,215,2221570,4
81242725222,812,4272522,2
62555456001,625,5545600,1
15105507503,151,0550750,3
24068793686,240,6879368,6
31206240630,312,0624063,0
33052712836,330,5271283,6
59844193323,598,4419332,3
23976500453,239,7650045,3
21760915994,217,6091599,4
58577247004,585,7724700,4
96629926366,966,2992636,6
92632251846,926,3225184,6
59613437950,596,1343795,0
45567491031,455,6749103,1
94804065596,948,0406559,6
12211548486,122,1154848,6
79902220476,799,0222047,6
75936789465,759,3678946,5
64662608203,646,6260820,3
20381421613,203,8142161,3
50793032021,507,9303202,1
84450259833,844,5025983,3
36217166535,362,1716653,5
30673984370,306,7398437,0
81890152160,818,9015216,0
60022772665,600,2277266,5
15074367076,150,7436707,6
22956337322,229,5633732,2
25398117752,253,9811775,2
85566626011,855,6662601,1
12860240226,128,6024022,6
52755078515,527,5507851,5
88020686791,880,2068679,1
74844889213,748,4488921,3
22196578804,221,9657880,4
47181753073,471,8175307,3
16720258104,167,2025810,4
44084525506,440,8452550,6
10626597451,106,2659745,1
52638934961,526,3893496,1
12414082422,124,1408242,2
15080408493,150,8040849,3
24662823594,246,6282359,4
48527561876,485,2756187,6
50078148635,500,7814863,5
73934295785,739,3429578,5
43932039593,439,3203959,3
20913728001,209,1372800,1
87336893960,873,3689396,0
14493077201,144,9307720,1
65135162005,651,3516200,5
90006554464,900,0655446,4
66553048816,665,5304881,6
97642900796,976,4290079,6
49853876331,498,5387633,1
79916901732,799,1690173,2
91779429530,917,7942953,0
22284098900,222,8409890,0
97220167504,972,2016750,4
60507083363,605,0708336,3
97133094965,971,3309496,5
76131871301,761,3187130,1
67436514420,674,3651442,0
11091876232,110,9187623,2
61600673685,616,0067368,5
41920110184,419,2011018,4
28708851993,287,0885199,3
44749449422,447,4944942,2
66787405351,667,8740535,1
87060257162,870,6025716,2
23293976214,232,9397621,4
99582455384,995,8245538,4
83330375884,833,3037588,4
70999621732,709,9962173,2
28904834002,289,0483400,2
32506530600,325,0653060,0
71643193546,716,4319354,6
21264375441,212,6437544,1
20221964393,202,2196439,3
22556199241,225,5619924,1
41803122670,418,0312267,0
48356579502,483,5657950,2
17397716785,173,9771678,5
63827852292,638,2785229,2
75694645845,756,9464584,5
43306320595,433,0632059,5
93891669582,938,9166958,2
25294903195,252,9490319,5
63558704384,635,5870438,4
64057896600,640,5789660,0
16607349824,166,0734982,4
49356231886,493,5623188,6
18108753702,181,0875370,2
98532694122,985,3269412,2
24356095621,243,5609562,1
44080668200,440,8066820,0
97972427793,979,7242779,3
81440998585,814,4099858,5
75518647610,755,1864761,0
35158900612,351,5890061,2
35275912762,352,7591276,2
39817439126,398,1743912,6
65650275333,656,5027533,3
23774898855,237,7489885,5
61405915520,614,0591552,0
11687498311,116,8749831,1
62643009792,626,4300979,2
70438621290,704,3862129,0
32635992250,326,3599225,0
81295017686,812,9501768,6
66880988150,668,8098815,0
80528304282,805,2830428,2
54958673220,549,5867322,0
98864329595,988,6432959,5
76224126686,762,2412668,6
50659233295,506,5923329,5
84672945881,846,7294588,1
53750270334,537,5027033,4
71895822950,718,9582295,0
36412184554,364,1218455,4
80974247311,809,7424731,1
56599634644,565,9963464,4
27777911952,277,7791195,2
49746408841,497,4640884,1
72141928810,721,4192881,0
51746255734,517,4625573,4
14324034552,143,2403455,2
26644568216,266,4456821,6
91562425716,915,6242571,6
83217825702,832,1782570,2
84880432263,848,8043226,3
67302196300,673,0219630,0
48366932992,483,6693299,2
89381089691,893,8108969,1
15685575760,156,8557576,0
81283807621,812,8380762,1
38504380520,385,0438052,0
43133283865,431,3328386,5
55327448646,553,2744864,6
58497462116,584,9746211,6
65253367613,652,5336761,3
22699417893,226,9941789,3
24047324951,240,4732495,1
48140100984,481,4010098,4
27738963634,277,3896363,4
21724407005,217,2440700,5
12985793180,129,8579318,0
53531650804,535,3165080,4
99891262413,998,9126241,3
97722363251,977,2236325,1
85615450622,856,1545062,2
20936070550,209,3607055,0
24371335841,243,7133584,1
98871106925,988,7110692,5
27654574731,276,5457473,1
40381356286,403,8135628,6
53045298453,530,4529845,3
14560011282,145,6001128,2
64983004840,649,8300484,0
61661576522,616,6157652,2
68484443253,684,8444325,3
88618300022,886,1830002,2
37751228785,377,5122878,5
37636471703,376,3647170,3
51485618580,514,8561858,0
27211819632,272,1181963,2
83409992333,834,0999233,3
53580487362,535,8048736,2
82455534305,824,5553430,5
60244744974,602,4474497,4
12708995190,127,0899519,0
18794512193,187,9451219,3
84471334475,844,7133447,5
89623067472,896,2306747,2
12269880545,122,6988054,5
78640807284,786,4080728,4
51931806746,519,3180674,6
14793468973,147,9346897,3
65206915060,652,0691506,0
52924141261,529,2414126,1
79467037012,794,6703701,2
56659644492,566,5964449,2
38849869081,388,4986908,1
21336243274,213,3624327,4
47266220492,472,6622049,2
99607390302,996,0739030,2
88901750074,889,0175007,4
68037730215,680,3773021,5
62343636714,623,4363671,4
97116213544,971,1621354,4
42624671542,426,2467154,2
58711650383,587,1165038,3
67537211682,675,3721168,2
30836232243,308,3623224,3
67697152673,676,9715267,3
99554581515,995,5458151,5
75793078706,757,9307870,6
81530892980,815,3089298,0
49048765581,490,4876558,1
61935069690,619,3506969,0
68917459254,689,1745925,4
31075382852,310,7538285,2
30174256274,301,7425627,4
31965067361,319,6506736,1
77452817892,774,5281789,2
84725165295,847,2516529,5
50255296031,502,5529603,1
17498360174,174,9836017,4
27233244561,272,3324456,1
76326614682,763,2661468,2
70184038313,701,8403831,3
66473292983,664,7329298,3
57379436501,573,7943650,1
74752877244,747,5287724,4
28909124340,289,0912434,0
25940123522,259,4012352,2
33449992114,334,4999211,4
60137054201,601,3705420,1
16533146920,165,3314692,0
10655280725,106,5528072,5
91356290445,913,5629044,5
99336999933,993,3699993,3
35466086724,354,6608672,4
20018264296,200,1826429,6
69738785583,697,3878558,3
76861136971,768,6113697,1
71205379564,712,0537956,4
49200721070,492,0072107,0
14110566555,141,1056655,5
24087373020,240,8737302,0
40484833843,404,8483384,3
53041507711,530,4150771,1
41793953266,417,9395326,6
97391192523,973,9119252,3
43059832740,430,5983274,0
22850858631,228,5085863,1
95303267211,953,0326721,1
80273449756,802,7344975,6
24781139134,247,8113913,4
74954320921,749,5432092,1
70568960620,705,6896062,0
24885648274,248,8564827,4
21807437402,218,0743740,2
74526724161,745,2672416,1
46801601274,468,0160127,4
85980707162,859,8070716,2
40109723013,401,0972301,3
44548142914,445,4814291,4
79061487616,790,6148761,6
22905219244,229,0521924,4
34414348435,344,1434843,5
73543191806,735,4319180,6
91361441921,913,6144192,1
42220743076,422,2074307,6
48041045875,480,4104587,5
94429031475,944,2903147,5
64716515302,647,1651530,2
59499993646,594,9999364,6
43908930872,439,0893087,2
39728686580,397,2868658,0
75708389310,757,0838931,0
41403183834,414,0318383,4
45826381886,458,2638188,6
95390812326,953,9081232,6
13363064720,133,6306472,0
90549995323,905,4999532,3
22604577391,226,0457739,1
39524435933,395,2443593,3
46623688751,466,2368875,1
81596792404,815,9679240,4
41847123016,418,4712301,6
89595812094,895,9581209,4
37895225726,378,9522572,6
57263412622,572,6341262,2
79734103475,797,3410347,5
21421895641,214,2189564,1
74805144571,748,0514457,1
53768462461,537,6846246,1
78127075845,781,2707584,5
15179440880,151,7944088,0
60639871524,606,3987152,4
24443379983,244,4337998,3
38115642060,381,1564206,0
56579413644,565,7941364,4
94380499385,943,8049938,5
69123525196,691,2352519,6
41493115842,414,9311584,2
68090955152,680,9095515,2
57103621941,571,0362194,1
62535384276,625,3538427,6
97860716621,978,6071662,1
51079296273,510,7929627,3
67414602641,674,1460264,1
59220405323,592,2040532,3
17679981115,176,7998111,5
65920398536,659,2039853,6
53379273471,533,7927347,1
33411180075,334,1118007,5
93757560096,937,5756009,6
39978488705,399,7848870,5
98965108983,989,6510898,3
73212507840,732,1250784,0
90507878181,905,0787818,1
52745180891,527,4518089,1
37767388262,377,6738826,2
11995208062,119,9520806,2
39711981150,397,1198115,0
88491793226,884,9179322,6
15270696422,152,7069642,2
81826255926,818,2625592,6
26535898453,265,3589845,3
52836020011,528,3602001,1
90671394611,906,7139461,1
59256253291,592,5625329,1
92555637964,925,5563796,4
18973643300,189,7364330,0
97462199995,974,6219999,5
18427058785,184,2705878,5
65606565483,656,0656548,3
40806964374,408,0696437,4
49766354743,497,6635474,3
88543812863,885,4381286,3
59271885375,592,7188537,5
18907626645,189,0762664,5
47930863796,479,3086379,6
81229279754,812,2927975,4
78342164065,783,4216406,5
63928811703,639,2881170,3
58739855523,587,3985552,3
82909414380,829,0941438,0
31926278364,319,2627836,4
91237791670,912,3779167,0
97860097772,978,6009777,2
93254660361,932,5466036,1
28328890153,283,2889015,3
61416110075,614,1611007,5
66486386354,664,8638635,4
75024578663,750,2457866,3
63995088124,639,9508812,4
50518436970,505,1843697,0
29485456625,294,8545662,5
12324744984,123,2474498,4
51572533373,515,7253337,3
26917668095,269,1766809,5
27042094954,270,4209495,4
22922343090,229,2234309,0
65330871143,653,3087114,3
73811247626,738,1124762,6
23913210004,239,1321000,4
25734534924,257,3453492,4
77445850024,774,4585002,4
81285212751,812,8521275,1
63103179981,631,0317998,1
26673002121,266,7300212,1
99734195704,997,3419570,4
92845954095,928,4595409,5
74510519321,745,1051932,1
67281737971,672,8173797,1
55583740724,555,8374072,4
53565457275,535,6545727,5
91488848591,914,8884859,1
30098924933,300,9892493,3
92152121443,921,5212144,3
86828688710,868,2868871,0
70419485265,704,1948526,5
69845988203,698,4598820,3
36729145035,367,2914503,5
27756690213,277,5669021,3
92824598546,928,2459854,6
28398496311,283,9849631,1
93480763514,934,8076351,4
69775339445,697,7533944,5
21646167461,216,4616746,1
32087802725,320,8780272,5
88297683196,882,9768319,6
53364403240,533,6440324,0
98323502825,983,2350282,5
37428053443,374,2805344,3
28998200691,289,9820069,1
67295686124,672,9568612,4
15283301726,152,8330172,6
24573610205,245,7361020,5
95189106454,951,8910645,4
25425653631,254,2565363,1
40969606773,409,6960677,3
52940225004,529,4022500,4
72875367301,728,7536730,1
18283053363,182,8305336,3
99232222324,992,3222232,4
69821171540,698,2117154,0
30303683364,303,0368336,4
86926870795,869,2687079,5
13805389260,138,0538926,0
50983185364,509,8318536,4
48477550210,484,7755021,0
17917663676,179,1766367,6
74188572551,741,8857255,1
10403527506,104,0352750,6
72639140543,726,3914054,3
54787632100,547,8763210,0
67156315656,671,5631565,6
21822661755,218,2266175,5
23221350296,232,2135029,6
15559730052,155,5973005,2
53050562164,530,5056216,4
57775929901,577,7592990,1
17374921854,173,7492185,4
80046018222,800,4601822,2
92286896860,922,8689686,0
44806273823,448,0627382,3
75400079982,754,0007998,2
63794462886,637,9446288,6
78086742315,780,8674231,5
94466157494,944,6615749,4
88614372160,886,1437216,0
60080079681,600,8007968,1
57701942063,577,0194206,3
84758378196,847,5837819,6
75511663611,755,1166361,1
74154774223,741,5477422,3
65780750274,657,8075027,4
10963778636,109,6377863,6
54805944222,548,0594422,2
31945915342,319,4591534,2
26188175553,261,8817555,3
41805136694,418,0513669,4
11778986644,117,7898664,4
72669337393,726,6933739,3
93384907160,933,8490716,0
48436202590,484,3620259,0
32922616601,329,2261660,1
74042816745,740,4281674,5
88184737271,881,8473727,1
90866733705,908,6673370,5
86443674583,864,4367458,3
14634236075,146,3423607,5
73390084702,733,9008470,2
26650924066,266,5092406,6
47024747610,470,2474761,0
79191754042,791,9175404,2
55586818892,555,8681889,2
93226247711,932,2624771,1
92643925141,926,4392514,1
64776179036,647,7617903,6
56077110306,560,7711030,6
43275693810,432,7569381,0
51913577044,519,1357704,4
53463344695,534,6334469,5
67090408676,670,9040867,6
53676153361,536,7615336,1
20920785541,209,2078554,1
74829001301,748,2900130,1
80656150212,806,5615021,2
99710149024,997,1014902,4
54349907230,543,4990723,0
74900544193,749,0054419,3
53446260580,534,4626058,0
61077758605,610,7775860,5
97031716903,970,3171690,3
57839112303,578,3911230,3
97478314932,974,7831493,2
50260191986,502,6019198,6
94137233053,941,3723305,3
16813034062,168,1303406,2
95207656270,952,0765627,0
72664938055,726,6493805,5
35280422936,352,8042293,6
92466292435,924,6629243,5
67027816043,670,2781604,3
20377266550,203,7726655,0
24543244562,245,4324456,2
57750219623,577,5021962,3
58947464716,589,4746471,6
59154599232,591,5459923,2
96393980286,963,9398028,6
83995917801,839,9591780,1
33128299510,331,2829951,0
80982353264,809,8235326,4
92706087576,927,0608757,6
82929822010,829,2982201,0
83138678344,831,3867834,4
14341038503,143,4103850,3
39546717192,395,4671719,2
38753303595,387,5330359,5
82216464121,822,1646412,1
98346452274,983,4645227,4
27493818504,274,9381850,4
26008187232,260,0818723,2
49029023574,490,2902357,4
40336661090,403,3666109,0
14002296642,140,0229664,2
34800742410,348,0074241,0
64711533110,647,1153311,0
76710090750,767,1009075,0
13705104514,137,0510451,4
21953848724,219,5384872,4
13835951983,138,3595198,3
45960012125,459,6001212,5
79533454895,795,3345489,5
67995478892,679,9547889,2
14443542131,144,4354213,1
56351754194,563,5175419,4
66807477090,668,0747709,0
72817828741,728,1782874,1
87766907985,877,6690798,5
35777072121,357,7707212,1
47005346006,470,0534600,6
30148809311,301,4880931,1
30826444222,308,2644422,2
49513722341,495,1372234,1
11931822416,119,3182241,6
70878683630,708,7868363,0
42175650125,421,7565012,5
42078578594,420,7857859,4
30836468722,308,3646872,2
95669630145,956,6963014,5
72100482180,721,0048218,0
20551026865,205,5102686,5
24661406370,246,6140637,0
69754571505,697,5457150,5
14132511952,141,3251195,2
79941148354,799,4114835,4
24903533236,249,0353323,6
92150801356,921,5080135,6
62947997420,629,4799742,0
85880905432,858,8090543,2
94801189125,948,0118912,5
27734433751,277,3443375,1
75468429172,754,6842917,2
25635250046,256,3525004,6
37655840516,376,5584051,6
25078609400,250,7860940,0
76123743064,761,2374306,4
40525928185,405,2592818,5
49343544976,493,4354497,6
94771118001,947,7111800,1
23377011031,233,7701103,1
12391728503,123,9172850,3
82657905925,826,5790592,5
67956161562,679,5616156,2
99066264874,990,6626487,4
11994985510,119,9498551,0
43808316655,438,0831665,5
22292701553,222,9270155,3
52774637755,527,7463775,5
59989247705,599,8924770,5
38275736990,382,7573699,0
81759916625,817,5991662,5
34246920660,342,4692066,0
96118921131,961,1892113,1
22213567581,222,1356758,1
47654024135,476,5402413,5
16641242561,166,4124256,1
36591446000,365,9144600,0
41784783285,417,8478328,5
95471573396,954,7157339,6
53271427076,532,7142707,6
26449751365,264,4975136,5
65167141850,651,6714185,0
35460441904,354,6044190,4
60896262454,608,9626245,4
34993681523,349,9368152,3
79810869310,798,1086931,0
69221982872,692,2198287,2
41113459465,411,1345946,5
33246546605,332,4654660,5
96947335083,969,4733508,3
60336196605,603,3619660,5
19234278183,192,3427818,3
91380445640,913,8044564,0
17073901350,170,7390135,0
12246758080,122,4675808,0
73708640156,737,0864015,6
51350590720,513,5059072,0
10391709401,103,9170940,1
28768412994,287,6841299,4
49516599554,495,1659955,4
43340647124,433,4064712,4
63128092553,631,2809255,3
26906835553,269,0683555,3
75483251885,754,8325188,5
91043194783,910,4319478,3
74855599762,748,5559976,2
23180761700,231,8076170,0
74671523106,746,7152310,6
14587806955,145,8780695,5
31627176704,316,2717670,4
78407269270,784,0726927,0
21851279472,218,5127947,2
16564732982,165,6473298,2
56269871875,562,6987187,5
81078754330,810,7875433,0
60249331126,602,4933112,6
95397192051,953,9719205,1
51053526740,510,5352674,0
72797480202,727,9748020,2
88094250050,880,9425005,0
79928928115,799,2892811,5
34869768245,348,6976824,5
57767908713,577,6790871,3
86238024651,862,3802465,1
50541043265,505,4104326,5
85608017780,856,0801778,0
86446602711,864,4660271,1
60571062835,605,7106283,5
78360355354,783,6035535,4
69571193571,695,7119357,1
55770724233,557,7072423,3
43321154434,433,2115443,4
63529618341,635,2961834,1
54071631814,540,7163181,4
13508323216,135,0832321,6
50420550692,504,2055069,2
11993209241,119,9320924,1
41219192086,412,1919208,6
66264809052,662,6480905,2
20002562250,200,0256225,0
92809623681,928,0962368,1
47273347495,472,7334749,5
42477153241,424,7715324,1
61731674884,617,3167488,4
95089070241,950,8907024,1
45024272713,450,2427271,3
20844997046,208,4499704,6
50724422611,507,2442261,1
24153915724,241,5391572,4
55323054941,553,2305494,1
10771804622,107,7180462,2
53901825560,539,0182556,0
83041970225,830,4197022,5
56067492776,560,6749277,6
71767754394,717,6775439,4
53953263140,539,5326314,0
84363844793,843,6384479,3
29651958496,296,5195849,6
69823385401,698,2338540,1
79631088171,796,3108817,1
96887950296,968,8795029,6
96786861541,967,8686154,1
34793292791,347,9329279,1
85090494085,850,9049408,5
27861358091,278,6135809,1
35660916916,356,6091691,6
84176214576,841,7621457,6
94824096411,948,2409641,1
22116860453,221,1686045,3
83884596072,838,8459607,2
45798282491,457,9828249,1
61036015530,610,3601553,0
69359944285,693,5994428,5
22591868281,225,9186828,1
74168858292,741,6885829,2
38221259312,382,2125931,2
85780252903,857,8025290,3
76447309225,764,4730922,5
57758771316,577,5877131,6
92124065430,921,2406543,0
46270138311,462,7013831,1
75466082602,754,6608260,2
98742999951,987,4299995,1
39038910234,390,3891023,4
74326759513,743,2675951,3
95864816570,958,6481657,0
49760006122,497,6000612,2
36865164321,368,6516432,1
63023879055,630,2387905,5
58950610431,589,5061043,1
59941665196,599,4166519,6
77178153936,771,7815393,6
58489130121,584,8913012,1
41879913440,418,7991344,0
72510461181,725,1046118,1
33460765012,334,6076501,2
49627152064,496,2715206,4
17524127290,175,2412729,0
35249390654,352,4939065,4
96323571572,963,2357157,2
26801320132,268,0132013,2
33977375305,339,7737530,5
62896363433,628,9636343,3
49789842053,497,8984205,3
19919536185,199,1953618,5
43257810875,432,5781087,5
57640168271,576,4016827,1
50008815756,500,0881575,6
43762613471,437,6261347,1
70437549075,704,3754907,5
10062558374,100,6255837,4
50336120660,503,3612066,0
94893257472,948,9325747,2
21200849690,212,0084969,0
13757254151,137,5725415,1
57879555403,578,7955540,3
34568739361,345,6873936,1
61264241501,612,6424150,1
31631571374,316,3157137,4
19119645753,191,1964575,3
88240992371,882,4099237,1
23951152515,239,5115251,5
90916623881,909,1662388,1
57722883402,577,2288340,2
61384334186,613,8433418,6
80049630831,800,4963083,1
11629487260,116,2948726,0
62701327240,627,0132724,0
42023923982,420,2392398,2
97368255513,973,6825551,3
61575968580,615,7596858,0
28328759770,283,2875977,0
44768270496,447,6827049,6
80676510355,806,7651035,5
65110138775,651,1013877,5
22002884690,220,0288469,0
93219284251,932,1928425,1
39116219751,391,1621975,1
79740580745,797,4058074,5
85339824712,853,3982471,2
73783213731,737,8321373,1
79063975135,790,6397513,5
28148800106,281,4880010,6
71015641142,710,1564114,2
75422964086,754,2296408,6
81970560124,819,7056012,4
78290381423,782,9038142,3
63777724945,637,7772494,5
28979451546,289,7945154,6
15395898572,153,9589857,2
55456876012,554,5687601,2
19121826372,191,2182637,2
92538386066,925,3838606,6
24307701170,243,0770117,0
42753861346,427,5386134,6
36406317503,364,0631750,3
85381342415,853,8134241,5
38196470696,381,9647069,6
20793121891,207,9312189,1
53992476605,539,9247660,5
17322306971,173,2230697,1
41127375904,411,2737590,4
63169939594,631,6993959,4
93928577141,939,2857714,1
58493164792,584,9316479,2
60965063644,609,6506364,4
97956602115,979,5660211,5
44083959903,440,8395990,3
42616843402,426,1684340,2
36033643191,360,3364319,1
83269273470,832,6927347,0
95449196954,954,4919695,4
73101415770,731,0141577,0
41106181361,411,0618136,1
66994006204,669,9400620,4
65971607584,659,7160758,4
45530972424,455,3097242,4
55285204833,552,8520483,3
84447535280,844,4753528,0
91805454954,918,0545495,4
34684374132,346,8437413,2
49217629644,492,1762964,4
11756763801,117,5676380,1
15468863382,154,6886338,2
60666134390,606,6613439,0
70763062585,707,6306258,5
93599861475,935,9986147,5
76024132943,760,2413294,3
60770552434,607,7055243,4
59466695611,594,6669561,1
33575863366,335,7586336,6
28699369743,286,9936974,3
40082748510,400,8274851,0
57124022922,571,2402292,2
52192535021,521,9253502,1
57329398661,573,2939866,1
45739803820,457,3980382,0
18567029790,185,6702979,0
68829119964,688,2911996,4
78998191162,789,9819116,2
99707123952,997,0712395,2
47497158772,474,9715877,2
10855425516,108,5542551,6
11511451382,115,1145138,2
75523970885,755,2397088,5
16769949045,167,6994904,5
67165730276,671,6573027,6
48681297002,486,8129700,2
11132173940,111,3217394,0
55685820085,556,8582008,5
88876573765,888,7657376,5
34145517484,341,4551748,4
78958505951,789,5850595,1
81551609633,815,5160963,3
68346602205,683,4660220,5
59452650715,594,5265071,5
19977636353,199,7763635,3
71241403871,712,4140387,1
32241936131,322,4193613,1
35715584305,357,1558430,5
62788069153,627,8806915,3
80686261895,806,8626189,5
30746168901,307,4616890,1
95537484486,955,3748448,6
73466793691,734,6679369,1
22873074146,228,7307414,6
74997296896,749,9729689,6
52973258843,529,7325884,3
81753433736,817,5343373,6
40643297473,406,4329747,3
33829580942,338,2958094,2
18319967646,183,1996764,6
81731627501,817,3162750,1
99209714094,992,0971409,4
53113921251,531,1392125,1
38434318465,384,3431846,5
85202836442,852,0283644,2
43286968291,432,8696829,1
94727720195,947,2772019,5
79289718375,792,8971837,5
84982252256,849,8225225,6
77058958340,770,5895834,0
22785866336,227,8586633,6
64197226160,641,9722616,0
41651508510,416,5150851,0
41399938710,413,9993871,0
91852360956,918,5236095,6
35754661291,357,5466129,1
31354057515,313,5405751,5
83399974834,833,9997483,4
71109317640,711,0931764,0
51110410971,511,1041097,1
42347019322,423,4701932,2
84549163931,845,4916393,1
33811250020,338,1125002,0
22231882874,222,3188287,4
86100309825,861,0030982,5
61320022740,613,2002274,0
56536136280,565,3613628,0
29731933132,297,3193313,2
85941670113,859,4167011,3
51949254054,519,4925405,4
92560971514,925,6097151,4
88292645924,882,9264592,4
52917402813,529,1740281,3
97314465262,973,1446526,2
35457710504,354,5771050,4
20032969882,200,3296988,2
59884801402,598,8480140,2
34630535631,346,3053563,1
87510906640,875,1090664,0
25108717986,251,0871798,6
68597938324,685,9793832,4
85108730025,851,0873002,5
91990035693,919,9003569,3
24877930582,248,7793058,2
43333523565,433,3352356,5
65750977090,657,5097709,0
69455169115,694,5516911,5
24827144055,248,2714405,5
79222791796,792,2279179,6
32783644214,327,8364421,4
44958668005,449,5866800,5
46633449793,466,3344979,3
72603769243,726,0376924,3
75063283832,750,6328383,2
33792360253,337,9236025,3
36347118751,363,4711875,1
35001302312,350,0130231,2
12894632871,128,9463287,1
67713519436,677,1351943,6
34977138203,349,7713820,3
53595303721,535,9530372,1
25690747464,256,9074746,4
46950562600,469,5056260,0
80433196924,804,3319692,4
97341166013,973,4116601,3
69747168391,697,4716839,1
79643935635,796,4393563,5
89101287375,891,0128737,5
23270140113,232,7014011,3
51169913276,511,6991327,6
43717523534,437,1752353,4
30573686213,305,7368621,3
78456909194,784,5690919,4
26369785893,263,6978589,3
72715397452,727,1539745,2
41449739222,414,4973922,2
35506854080,355,0685408,0
54866822163,548,6682216,3
19117323076,191,1732307,6
24580564741,245,8056474,1
27008924123,270,0892412,3
41141842430,411,4184243,0
36989390390,369,8939039,0
42667497005,426,6749700,5
64649186112,646,4918611,2
99750018276,997,5001827,6
21799199005,217,9919900,5
27698102002,276,9810200,2
61347218870,613,4721887,0
16429348640,164,2934864,0
34852451913,348,5245191,3
52785485191,527,8548519,1
26085410585,260,8541058,5
55942618566,559,4261856,6
14087459201,140,8745920,1
90267950253,902,6795025,3
39336295375,393,3629537,5
70064882100,700,6488210,0
45633441122,456,3344112,2
95875071050,958,7507105,0
13473614833,134,7361483,3
51328063971,513,2806397,1
91025736486,910,2573648,6
61880414510,618,8041451,0
81217986832,812,1798683,2
30170922465,301,7092246,5
90592412091,905,9241209,1
50282092216,502,8209221,6
76992726095,769,9272609,5
30266236174,302,6623617,4
50421150705,504,2115070,5
45098900036,450,9890003,6
32797795625,327,9779562,5
67848686064,678,4868606,4
63719514943,637,1951494,3
84706889204,847,0688920,4
92022950402,920,2295040,2
20849271963,208,4927196,3
27521434464,275,2143446,4
31596551341,315,9655134,1
75749367533,757,4936753,3
58319014526,583,1901452,6
18671296016,186,7129601,6
37118064871,371,1806487,1
59564883493,595,6488349,3
58801821553,588,0182155,3
85841769691,858,4176969,1
85068713345,850,6871334,5
64198986162,641,9898616,2
34346368595,343,4636859,5
75200933894,752,0093389,4
26427949935,264,2794993,5
12663007656,126,6300765,6
30052831374,300,5283137,4
22443952264,224,4395226,4
88949572906,889,4957290,6
44901580314,449,0158031,4
82710910194,827,1091019,4
39478788271,394,7878827,1
41631347656,416,3134765,6
51837878383,518,3787838,3
77971163102,779,7116310,2
36293288110,362,9328811,0
13211764564,132,1176456,4
49368837210,493,6883721,0
82671676484,826,7167648,4
85294100845,852,9410084,5
40695635020,406,9563502,0
41848631413,418,4863141,3
51127876683,511,2787668,3
72966180351,729,6618035,1
79844219493,798,4421949,3
91237006831,912,3700683,1
66672415633,666,7241563,3
19034983182,190,3498318,2
37330827916,373,3082791,6
69788735464,697,8873546,4
48803737680,488,0373768,0
34589067504,345,8906750,4
50175437381,501,7543738,1
48889540851,488,8954085,1
76409795316,764,0979531,6
13128460700,131,2846070,0
17398528716,173,9852871,6
28131079045,281,3107904,5
98802998324,988,0299832,4
67665244046,676,6524404,6
57460247363,574,6024736,3
73981071291,739,8107129,1
43969775986,439,6977598,6
16400220042,164,0022004,2
28554173304,285,5417330,4
14574295530,145,7429553,0
93240376352,932,4037635,2
80077667996,800,7766799,6
11200486414,112,0048641,4
74095388713,740,9538871,3
64809536474,648,0953647,4
21687792456,216,8779245,6
27346930756,273,4693075,6
93571424680,935,7142468,0
84365423670,843,6542367,0
96542237562,965,4223756,2
41852048265,418,5204826,5
17854695725,178,5469572,5
13046287012,130,4628701,2
11758709342,117,5870934,2
49884564765,498,8456476,5
54197007151,541,9700715,1
95599912143,955,9991214,3
55956418823,559,5641882,3
78164253462,781,6425346,2
65202528681,652,0252868,1
52083561163,520,8356116,3
52463295383,524,6329538,3
25730545351,257,3054535,1
13697827496,136,9782749,6
92452330600,924,5233060,0
25856369825,258,5636982,5
59532976932,595,3297693,2
85569445820,855,6944582,0
26120585701,261,2058570,1
20893170440,208,9317044,0
40523773492,405,2377349,2
45167286626,451,6728662,6
79242692743,792,4269274,3
35571059142,355,7105914,2
74769671894,747,6967189,4
59966558386,599,6655838,6
81843022025,818,4302202,5
89622976495,896,2297649,5
49505954961,495,0595496,1
63589689816,635,8968981,6
18223631270,182,2363127,0
20481396786,204,8139678,6
54121174260,541,2117426,0
94796206454,947,9620645,4
46476753201,464,7675320,1
38392294034,383,9229403,4
57418356631,574,1835663,1
14283459520,142,8345952,0
70410469885,704,1046988,5
36749625276,367,4962527,6
60722989354,607,2298935,4
70477029973,704,7702997,3
53719919250,537,1991925,0
86491002960,864,9100296,0
56237823516,562,3782351,6
78146457426,781,4645742,6
21900821313,219,0082131,3
66513589110,665,1358911,0
14002557963,140,0255796,3
98073264014,980,7326401,4
55583480391,555,8348039,1
57407489151,574,0748915,1
28100088532,281,0008853,2
53836250593,538,3625059,3
22117655672,221,1765567,2
89369417911,893,6941791,1
45600866335,456,0086633,5
84663819376,846,6381937,6
23784427583,237,8442758,3
24378669426,243,7866942,6
73054794694,730,5479469,4
34551430971,345,5143097,1
55548135893,555,4813589,3
65255527135,652,5552713,5
47898683126,478,9868312,6
14413808654,144,1380865,4
22599275160,225,9927516,0
72101476661,721,0147666,1
70269809404,702,6980940,4
33501610632,335,0161063,2
77052487975,770,5248797,5
29588181585,295,8818158,5
50782976201,507,8297620,1
66272594132,662,7259413,2
91156570446,911,5657044,6
40196532706,401,9653270,6
74197390345,741,9739034,5
66889857534,668,8985753,4
94855163496,948,5516349,6
89919168114,899,1916811,4
34347387462,343,4738746,2
96570431560,965,7043156,0
77337209693,773,3720969,3
16228044375,162,2804437,5
92739062536,927,3906253,6
35305299796,353,0529979,6
29166537060,291,6653706,0
20043703225,200,4370322,5
59919289602,599,1928960,2
78859122332,788,5912233,2
20015727791,200,1572779,1
31070888994,310,7088899,4
82924572245,829,2457224,5
42649501586,426,4950158,6
48184287414,481,8428741,4
86898227243,868,9822724,3
79312054384,793,1205438,4
16026727705,160,2672770,5
18238682193,182,3868219,3
95256574201,952,5657420,1
10733560041,107,3356004,1
24944490761,249,4449076,1
43992849282,439,9284928,2
94648494051,946,4849405,1
43276658192,432,7665819,2
40214058014,402,1405801,4
96355609911,963,5560991,1
50755180424,507,5518042,4
60779468995,607,7946899,5
68364075075,683,6407507,5
40100733433,401,0073343,3
90982459453,909,8245945,3
91850276421,918,5027642,1
87019202422,870,1920242,2
37788386313,377,8838631,3
86641371063,866,4137106,3
85583804400,855,8380440,0
60751311786,607,5131178,6
62357442646,623,5744264,6
99284293856,992,8429385,6
96387816270,963,8781627,0
15753269006,157,5326900,6
62309496532,623,0949653,2
55560850681,555,6085068,1
94031030311,940,3103031,1
90193997015,901,9399701,5
86755454082,867,5545408,2
59754877414,597,5487741,4
25499880843,254,9988084,3
83143126810,831,4312681,0
50410578070,504,1057807,0
86567334354,865,6733435,4
50816200620,508,1620062,0
33757729652,337,5772965,2
13014565086,130,1456508,6
94377130372,943,7713037,2
37150151540,371,5015154,0
43740338706,437,4033870,6
33552579680,335,5257968,0
43375868274,433,7586827,4
65404590705,654,0459070,5
17228883774,172,2888377,4
28195342114,281,9534211,4
22836696375,228,3669637,5
60846805072,608,4680507,2
78348851733,783,4885173,3
65182108050,651,8210805,0
83369299634,833,6929963,4
38602081561,386,0208156,1
97492709670,974,9270967,0
94708863781,947,0886378,1
84463517462,844,6351746,2
69951642723,699,5164272,3
93785172891,937,8517289,1
94725761476,947,2576147,6
19353285691,193,5328569,1
54804222295,548,0422229,5
16416077253,164,1607725,3
58946008900,589,4600890,0
10210689965,102,1068996,5
34504891205,345,0489120,5
90530471073,905,3047107,3
28770603992,287,7060399,2
90172015100,901,7201510,0
77328103582,773,2810358,2
76289350266,762,8935026,6
30723455531,307,2345553,1
91256114100,912,5611410,0
44215276465,442,1527646,5
54855095923,548,5509592,3
11455157970,114,5515797,0
83298718484,832,9871848,4
17393195193,173,9319519,3
77446393664,774,4639366,4
55793739496,557,9373949,6
30248731875,302,4873187,5
50650100323,506,5010032,3
18772306475,187,7230647,5
27364213405,273,6421340,5
39172381793,391,7238179,3
82155484356,821,5548435,6
93813176533,938,1317653,3
45383972302,453,8397230,2
78909979764,789,0997976,4
98883004732,988,8300473,2
71473633343,714,7363334,3
55895705174,558,9570517,4
92992134182,929,9213418,2
28313399664,283,1339966,4
23407241025,234,0724102,5
89518165121,895,1816512,1
65924655524,659,2465552,4
60884923156,608,8492315,6
42213307945,422,1330794,5
51547444025,515,4744402,5
57160118794,571,6011879,4
17211269096,172,1126909,6
89034327111,890,3432711,1
48259369626,482,5936962,6
86680243152,866,8024315,2
11522949861,115,2294986,1
37154530783,371,5453078,3
80644840772,806,4484077,2
15866211776,158,6621177,6
78221395373,782,2139537,3
41956090584,419,5609058,4
79397439115,793,9743911,5
51358466251,513,5846625,1
64803894990,648,0389499,0
62115311906,621,1531190,6
83766282926,837,6628292,6
49360151404,493,6015140,4
18529408180,185,2940818,0
75151036470,751,5103647,0
82382770622,823,8277062,2
55649504804,556,4950480,4
48120729872,481,2072987,2
49267379153,492,6737915,3
38513169164,385,1316916,4
11619526901,116,1952690,1
55738839745,557,3883974,5
28210926130,282,1092613,0
91856609372,918,5660937,2
60367080203,603,6708020,3
71581137253,715,8113725,3
19777375806,197,7737580,6
44464427382,444,6442738,2
13377327185,133,7732718,5
30746320455,307,4632045,5
82386333956,823,8633395,6
25717659981,257,1765998,1
25398859855,253,9885985,5
88714234760,887,1423476,0
96300527614,963,0052761,4
16452024085,164,5202408,5
33287473702,332,8747370,2
69316708063,693,1670806,3
46241179062,462,4117906,2
68028203991,680,2820399,1
15799693460,157,9969346,0
47554134691,475,5413469,1
18359703401,183,5970340,1
12407390633,124,0739063,3
48086589201,480,8658920,1
43446179220,434,4617922,0
87239898520,872,3989852,0
89457870273,894,5787027,3
40549894845,405,4989484,5
56336430935,563,3643093,5
60198056892,601,9805689,2
17312953174,173,1295317,4
52195682122,521,9568212,2
23677550354,236,7755035,4
78616743341,786,1674334,1
30837180885,308,3718088,5
70400676882,704,0067688,2
89533751136,895,3375113,6
53312625273,533,1262527,3
37301878972,373,0187897,2
24631656244,246,3165624,4
22816896421,228,1689642,1
77415870890,774,1587089,0
60432149623,604,3214962,3
60324140235,603,2414023,5
34657173060,346,5717306,0
78824554073,788,2455407,3
27010064866,270,1006486,6
77361943373,773,6194337,3
84377505001,843,7750500,1
90084881590,900,8488159,0
51293913363,512,9391336,3
42180384250,421,8038425,0
14369178122,143,6917812,2
78554172473,785,5417247,3
96940703283,969,4070328,3
67741360430,677,4136043,0
59417832014,594,1783201,4
19409064335,194,0906433,5
22048481755,220,4848175,5
95105127796,951,0512779,6
66114808592,661,1480859,2
22043872306,220,4387230,6
94340293943,943,4029394,3
64282001506,642,8200150,6
18040338342,180,4033834,2
88498825471,884,9882547,1
66371372763,663,7137276,3
75950622943,759,5062294,3
26273413210,262,7341321,0
74792485230,747,9248523,0
30592107095,305,9210709,5
36619125400,366,1912540,0
60028099603,600,2809960,3
85430324300,854,3032430,0
25780683991,257,8068399,1
64127756901,641,2775690,1
59885679495,598,8567949,5
80882339223,808,8233922,3
56415670014,564,1567001,4
45109519965,451,0951996,5
96486970205,964,8697020,5
57067027846,570,6702784,6
76065903453,760,6590345,3
79850697230,798,5069723,0
99832454511,998,3245451,1
56504613170,565,0461317,0
47481798845,474,8179884,5
50436640996,504,3664099,6
19574310031,195,7431003,1
12715811971,127,1581197,1
88312306435,883,1230643,5
53049999615,530,4999961,5
99541413955,995,4141395,5
24218614333,242,1861433,3
66953826624,669,5382662,4
30383602864,303,8360286,4
11290428171,112,9042817,1
93449950093,934,4995009,3
55999137880,559,9913788,0
83334698534,833,3469853,4
37325849713,373,2584971,3
36207316432,362,0731643,2
44335178205,443,3517820,5
87169137445,871,6913744,5
82793021151,827,9302115,1
87627436561,876,2743656,1
72124636844,721,2463684,4
69695148882,696,9514888,2
80422423975,804,2242397,5
89890552424,898,9055242,4
55680569371,556,8056937,1
81584414666,815,8441466,6
34480209492,344,8020949,2
37005042070,370,0504207,0
84868384495,848,6838449,5
17374278693,173,7427869,3
26927291434,269,2729143,4
20800394760,208,0039476,0
46244392626,462,4439262,6
56241201946,562,4120194,6
96026203672,960,2620367,2
81415105172,814,1510517,2
86428103263,864,2810326,3
39389897773,393,8989777,3
86195014590,861,9501459,0
25813811134,258,1381113,4
49587672454,495,8767245,4
38756147744,387,5614774,4
38582933825,385,8293382,5
21540885314,215,4088531,4
81346524141,813,4652414,1
70883644624,708,8364462,4
49630848576,496,3084857,6
26967690442,269,6769044,2
53118984325,531,1898432,5
94659300345,946,5930034,5
28629756714,286,2975671,4
45809340255,458,0934025,5
99680828554,996,8082855,4
69007290610,690,0729061,0
12763262492,127,6326249,2
68960705370,689,6070537,0
56082331545,560,8233154,5
22303600965,223,0360096,5
68448347782,684,4834778,2
47540291283,475,4029128,3
27225232163,272,2523216,3
33040798086,330,4079808,6
11428561152,114,2856115,2
75991415731,759,9141573,1
25471591412,254,7159141,2
15688515952,156,8851595,2
54903780456,549,0378045,6
21524857792,215,2485779,2
57001284204,570,0128420,4
31317727153,313,1772715,3
76931758340,769,3175834,0
87721886954,877,2188695,4
34435516205,344,3551620,5
84657275966,846,5727596,6
18922291976,189,2229197,6
19412660791,194,1266079,1
31661495750,316,6149575,0
71815288481,718,1528848,1
34453402983,344,5340298,3
81131617060,811,3161706,0
19012362994,190,1236299,4
24778952972,247,7895297,2
25010027716,250,1002771,6
42826912366,428,2691236,6
77453166151,774,5316615,1
61193355954,611,9335595,4
71452206093,714,5220609,3
44711796070,447,1179607,0
23046570035,230,4657003,5
44201037121,442,0103712,1
68903740620,689,0374062,0
89985284234,899,8528423,4
52083773205,520,8377320,5
58940470993,589,4047099,3
57193095973,571,9309597,3
98676281103,986,7628110,3
83875903756,838,7590375,6
29131937134,291,3193713,4
98977525944,989,7752594,4
55218740405,552,1874040,5
93897656401,938,9765640,1
35410287695,354,1028769,5
45899595064,458,9959506,4
58846296162,588,4629616,2
37345682733,373,4568273,3
17820658592,178,2065859,2
56187988862,561,8798886,2
31447188523,314,4718852,3
54267811223,542,6781122,3
81960590426,819,6059042,6
99491752621,994,9175262,1
28391682424,283,9168242,4
85353871162,853,5387116,2
39154342412,391,5434241,2
73900151712,739,0015171,2
55168298352,551,6829835,2
57802456732,578,0245673,2
23094607550,230,9460755,0
82461882505,824,6188250,5
31641574965,316,4157496,5
28555418641,285,5541864,1
50918240734,509,1824073,4
30893778582,308,9377858,2
39317321382,393,1732138,2
37073217806,370,7321780,6
71069334570,710,6933457,0
76073365286,760,7336528,6
26513040911,265,1304091,1
40659927975,406,5992797,5
24004527602,240,0452760,2
94911010006,949,1101000,6
62448276415,624,4827641,5
69670319636,696,7031963,6
88112809493,881,1280949,3
73494442576,734,9444257,6
10260089842,102,6008984,2
12311196102,123,1119610,2
46200342100,462,0034210,0
69414806694,694,1480669,4
48290508514,482,9050851,4
20038457972,200,3845797,2
59246222500,592,4622250,0
35877604322,358,7760432,2
31956908906,319,5690890,6
31357453811,313,5745381,1
16249555640,162,4955564,0
99599659692,995,9965969,2
92659771515,926,5977151,5
37669587975,376,6958797,5
75014596386,750,1459638,6
27730481663,277,3048166,3
69605894522,696,0589452,2
58133484905,581,3348490,5
51686022101,516,8602210,1
74222790444,742,2279044,4
69784498136,697,8449813,6
27229946201,272,2994620,1
34438560161,344,3856016,1
72520776221,725,2077622,1
61606126974,616,0612697,4
34945659003,349,4565900,3
88686369845,886,8636984,5
73224933793,732,2493379,3
66729297521,667,2929752,1
62405687620,624,0568762,0
36469488630,364,6948863,0
94190431893,941,9043189,3
87869975260,878,6997526,0
62349491815,623,4949181,5
17927237833,179,2723783,3
16354056974,163,5405697,4
90811118851,908,1111885,1
62624569873,626,2456987,3
51112067591,511,1206759,1
